"logo","name","number"
"https://d2n0069hmnqmmx.cloudfront.net/epgdata/1.0/newchanlogos/80/35/skychb1006.png","BBC One","101"
"https://d2n0069hmnqmmx.cloudfront.net/epgdata/1.0/newchanlogos/80/35/skychb2006.png","BBC Two","102"
"https://d2n0069hmnqmmx.cloudfront.net/epgdata/1.0/newchanlogos/80/35/skychb6000.png","ITV1","103"
"https://d2n0069hmnqmmx.cloudfront.net/epgdata/1.0/newchanlogos/80/35/skychb1621.png","Channel 4","104"
"https://d2n0069hmnqmmx.cloudfront.net/epgdata/1.0/newchanlogos/80/35/skychb1800.png","Channel 5","105"
"https://d2n0069hmnqmmx.cloudfront.net/epgdata/1.0/newchanlogos/80/35/skychb1275.png","SkyShowcaseHD","106"
"https://d2n0069hmnqmmx.cloudfront.net/epgdata/1.0/newchanlogos/80/35/skychb4066.png","Sky Witness HD","107"
"https://d2n0069hmnqmmx.cloudfront.net/epgdata/1.0/newchanlogos/80/35/skychb4053.png","Sky Atlantic HD","108"
"https://d2n0069hmnqmmx.cloudfront.net/epgdata/1.0/newchanlogos/80/35/skychb3825.png","alibi HD","109"
"https://d2n0069hmnqmmx.cloudfront.net/epgdata/1.0/newchanlogos/80/35/skychb6513.png","GOLD HD","110"
"https://d2n0069hmnqmmx.cloudfront.net/epgdata/1.0/newchanlogos/80/35/skychb3809.png","Dave HD","111"
"https://d2n0069hmnqmmx.cloudfront.net/epgdata/1.0/newchanlogos/80/35/skychb4056.png","ComedyCentHD","112"
"https://d2n0069hmnqmmx.cloudfront.net/epgdata/1.0/newchanlogos/80/35/skychb4061.png","Sky Max HD","113"
"https://d2n0069hmnqmmx.cloudfront.net/epgdata/1.0/newchanlogos/80/35/skychb1143.png","Sky Comedy HD","114"
"https://d2n0069hmnqmmx.cloudfront.net/epgdata/1.0/newchanlogos/80/35/skychb2022.png","BBC Three","115"
"https://d2n0069hmnqmmx.cloudfront.net/epgdata/1.0/newchanlogos/80/35/skychb2018.png","BBC Four","116"
"https://d2n0069hmnqmmx.cloudfront.net/epgdata/1.0/newchanlogos/80/35/skychb5090.png","London Live","117"
"https://d2n0069hmnqmmx.cloudfront.net/epgdata/1.0/newchanlogos/80/35/skychb6240.png","ITV2","118"
"https://d2n0069hmnqmmx.cloudfront.net/epgdata/1.0/newchanlogos/80/35/skychb6260.png","ITV3","119"
"https://d2n0069hmnqmmx.cloudfront.net/epgdata/1.0/newchanlogos/80/35/skychb6272.png","ITV4","120"
"https://d2n0069hmnqmmx.cloudfront.net/epgdata/1.0/newchanlogos/80/35/skychb1136.png","SkyDocmntrsHD","121"
"https://d2n0069hmnqmmx.cloudfront.net/epgdata/1.0/newchanlogos/80/35/skychb1212.png","Sky Crime HD","122"
"https://d2n0069hmnqmmx.cloudfront.net/epgdata/1.0/newchanlogos/80/35/skychb4086.png","Sky HistoryHD","123"
"https://d2n0069hmnqmmx.cloudfront.net/epgdata/1.0/newchanlogos/80/35/skychb1165.png","Sky Nature HD","124"
"https://d2n0069hmnqmmx.cloudfront.net/epgdata/1.0/newchanlogos/80/35/skychb4003.png","Discovery HD","125"
"https://d2n0069hmnqmmx.cloudfront.net/epgdata/1.0/newchanlogos/80/35/skychb3831.png","MTV HD","126"
"https://d2n0069hmnqmmx.cloudfront.net/epgdata/1.0/newchanlogos/80/35/skychb1813.png","ComedyXtra","127"
"https://d2n0069hmnqmmx.cloudfront.net/epgdata/1.0/newchanlogos/80/35/skychb3023.png","5STAR","128"
"https://d2n0069hmnqmmx.cloudfront.net/epgdata/1.0/newchanlogos/80/35/skychb4031.png","Nat Geo HD","129"
"https://d2n0069hmnqmmx.cloudfront.net/epgdata/1.0/newchanlogos/80/35/skychb4063.png","Sky Arts HD","130"
"https://d2n0069hmnqmmx.cloudfront.net/epgdata/1.0/newchanlogos/80/35/skychb6508.png","ITVBe","131"
"https://d2n0069hmnqmmx.cloudfront.net/epgdata/1.0/newchanlogos/80/35/skychb3810.png","W HD","132"
"https://d2n0069hmnqmmx.cloudfront.net/epgdata/1.0/newchanlogos/80/35/skychb3812.png","TLC HD","133"
"https://d2n0069hmnqmmx.cloudfront.net/epgdata/1.0/newchanlogos/80/35/skychb5701.png","S4C","134"
"https://d2n0069hmnqmmx.cloudfront.net/epgdata/1.0/newchanlogos/80/35/skychb4076.png","E4 HD","135"
"https://d2n0069hmnqmmx.cloudfront.net/epgdata/1.0/newchanlogos/80/35/skychb4043.png","More4 HD","136"
"https://d2n0069hmnqmmx.cloudfront.net/epgdata/1.0/newchanlogos/80/35/skychb3150.png","4seven","137"
"https://d2n0069hmnqmmx.cloudfront.net/epgdata/1.0/newchanlogos/80/35/skychb1758.png","E4 Extra","138"
"https://d2n0069hmnqmmx.cloudfront.net/epgdata/1.0/newchanlogos/80/35/skychb4074.png","Sky Sci-Fi HD","139"
"https://d2n0069hmnqmmx.cloudfront.net/epgdata/1.0/newchanlogos/80/35/skychb3590.png","Food Network","140"
"https://d2n0069hmnqmmx.cloudfront.net/epgdata/1.0/newchanlogos/80/35/skychb3022.png","5 USA","141"
"https://d2n0069hmnqmmx.cloudfront.net/epgdata/1.0/newchanlogos/80/35/skychb2325.png","Really","142"
"https://d2n0069hmnqmmx.cloudfront.net/epgdata/1.0/newchanlogos/80/35/skychb2612.png","Drama","143"
"https://d2n0069hmnqmmx.cloudfront.net/epgdata/1.0/newchanlogos/80/35/skychb6761.png","QUEST","144"
"https://d2n0069hmnqmmx.cloudfront.net/epgdata/1.0/newchanlogos/80/35/skychb2202.png","Challenge","145"
"https://d2n0069hmnqmmx.cloudfront.net/epgdata/1.0/newchanlogos/80/35/skychb3352.png","CBS Reality","146"
"https://d2n0069hmnqmmx.cloudfront.net/epgdata/1.0/newchanlogos/80/35/skychb3617.png","RealityXtra","147"
"https://d2n0069hmnqmmx.cloudfront.net/epgdata/1.0/newchanlogos/80/35/skychb4610.png","Legend","148"
"https://d2n0069hmnqmmx.cloudfront.net/epgdata/1.0/newchanlogos/80/35/skychb2411.png","Quest Red","149"
"https://d2n0069hmnqmmx.cloudfront.net/epgdata/1.0/newchanlogos/80/35/skychb1036.png","5ACTION","150"
"https://d2n0069hmnqmmx.cloudfront.net/epgdata/1.0/newchanlogos/80/35/skychb1832.png","Pick","151"
"https://d2n0069hmnqmmx.cloudfront.net/epgdata/1.0/newchanlogos/80/35/skychb1833.png","Sky Replay","152"
"https://d2n0069hmnqmmx.cloudfront.net/epgdata/1.0/newchanlogos/80/35/skychb3028.png","5SELECT","153"
"https://d2n0069hmnqmmx.cloudfront.net/epgdata/1.0/newchanlogos/80/35/skychb2413.png","ID","154"
"https://d2n0069hmnqmmx.cloudfront.net/epgdata/1.0/newchanlogos/80/35/skychb1139.png","YESTERDAY HD","155"
"https://d2n0069hmnqmmx.cloudfront.net/epgdata/1.0/newchanlogos/80/35/skychb4088.png","Crime+Inv HD","156"
"https://d2n0069hmnqmmx.cloudfront.net/epgdata/1.0/newchanlogos/80/35/skychb4266.png","GREAT! tv","157"
"https://d2n0069hmnqmmx.cloudfront.net/epgdata/1.0/newchanlogos/80/35/skychb2301.png","HGTV","158"
"https://d2n0069hmnqmmx.cloudfront.net/epgdata/1.0/newchanlogos/80/35/skychb4028.png","E! HD","159"
"https://d2n0069hmnqmmx.cloudfront.net/epgdata/1.0/newchanlogos/80/35/skychb2409.png","Disc.Turbo","161"
"https://d2n0069hmnqmmx.cloudfront.net/epgdata/1.0/newchanlogos/80/35/skychb2402.png","Animal Planet","162"
"https://d2n0069hmnqmmx.cloudfront.net/epgdata/1.0/newchanlogos/80/35/skychb1195.png","SkyHistory2HD","163"
"https://d2n0069hmnqmmx.cloudfront.net/epgdata/1.0/newchanlogos/80/35/skychb1065.png","BLAZE","164"
"https://d2n0069hmnqmmx.cloudfront.net/epgdata/1.0/newchanlogos/80/35/skychb4025.png","NatGeoWild HD","165"
"https://d2n0069hmnqmmx.cloudfront.net/epgdata/1.0/newchanlogos/80/35/skychb2302.png","Eden","166"
"https://d2n0069hmnqmmx.cloudfront.net/epgdata/1.0/newchanlogos/80/35/skychb2406.png","Disc.Science","167"
"https://d2n0069hmnqmmx.cloudfront.net/epgdata/1.0/newchanlogos/80/35/skychb2012.png","BBC ALBA","169"
"https://d2n0069hmnqmmx.cloudfront.net/epgdata/1.0/newchanlogos/80/35/skychb1872.png","Together","170"
"https://d2n0069hmnqmmx.cloudfront.net/epgdata/1.0/newchanlogos/80/35/skychb3618.png","DMAX","172"
"https://d2n0069hmnqmmx.cloudfront.net/epgdata/1.0/newchanlogos/80/35/skychb5500.png","PBS America","174"
"https://d2n0069hmnqmmx.cloudfront.net/epgdata/1.0/newchanlogos/80/35/skychb2407.png","Disc.History","177"
"https://d2n0069hmnqmmx.cloudfront.net/epgdata/1.0/newchanlogos/80/35/skychb1207.png","Court TV","179"
"https://d2n0069hmnqmmx.cloudfront.net/epgdata/1.0/newchanlogos/80/35/skychb1086.png","EarthxTV HD","180"
"https://d2n0069hmnqmmx.cloudfront.net/epgdata/1.0/newchanlogos/80/35/skychb3687.png","Channel 7","181"
"https://d2n0069hmnqmmx.cloudfront.net/epgdata/1.0/newchanlogos/80/35/skychb1226.png","Travelxp","182"
"https://d2n0069hmnqmmx.cloudfront.net/epgdata/1.0/newchanlogos/80/35/skychb1017.png","That's TV","183"
"https://d2n0069hmnqmmx.cloudfront.net/epgdata/1.0/newchanlogos/80/35/skychb3206.png","Ayozat TV","186"
"https://d2n0069hmnqmmx.cloudfront.net/epgdata/1.0/newchanlogos/80/35/skychb1137.png","BBC Scotland","187"
"https://d2n0069hmnqmmx.cloudfront.net/epgdata/1.0/newchanlogos/80/35/skychb3731.png","NTD","190"
"https://d2n0069hmnqmmx.cloudfront.net/epgdata/1.0/newchanlogos/80/35/skychb6155.png","ITV1+1","203"
"https://d2n0069hmnqmmx.cloudfront.net/epgdata/1.0/newchanlogos/80/35/skychb1670.png","Channel 4+1","204"
"https://d2n0069hmnqmmx.cloudfront.net/epgdata/1.0/newchanlogos/80/35/skychb1839.png","Channel 5+1","205"
"https://d2n0069hmnqmmx.cloudfront.net/epgdata/1.0/newchanlogos/80/35/skychb1277.png","SkyShowcase+1","206"
"https://d2n0069hmnqmmx.cloudfront.net/epgdata/1.0/newchanlogos/80/35/skychb2205.png","Sky Witness+1","207"
"https://d2n0069hmnqmmx.cloudfront.net/epgdata/1.0/newchanlogos/80/35/skychb1413.png","Sky Atlantic+1","208"
"https://d2n0069hmnqmmx.cloudfront.net/epgdata/1.0/newchanlogos/80/35/skychb2630.png","alibi+1","209"
"https://d2n0069hmnqmmx.cloudfront.net/epgdata/1.0/newchanlogos/80/35/skychb2703.png","GOLD+1","210"
"https://d2n0069hmnqmmx.cloudfront.net/epgdata/1.0/newchanlogos/80/35/skychb2320.png","Dave ja vu","211"
"https://d2n0069hmnqmmx.cloudfront.net/epgdata/1.0/newchanlogos/80/35/skychb3802.png","ComedyCent+1","212"
"https://d2n0069hmnqmmx.cloudfront.net/epgdata/1.0/newchanlogos/80/35/skychb6241.png","ITV2+1","218"
"https://d2n0069hmnqmmx.cloudfront.net/epgdata/1.0/newchanlogos/80/35/skychb6261.png","ITV3+1","219"
"https://d2n0069hmnqmmx.cloudfront.net/epgdata/1.0/newchanlogos/80/35/skychb6274.png","ITV4+1","220"
"https://d2n0069hmnqmmx.cloudfront.net/epgdata/1.0/newchanlogos/80/35/skychb4330.png","Sky Crime+1","222"
"https://d2n0069hmnqmmx.cloudfront.net/epgdata/1.0/newchanlogos/80/35/skychb1891.png","Sky History+1","223"
"https://d2n0069hmnqmmx.cloudfront.net/epgdata/1.0/newchanlogos/80/35/skychb2404.png","Discovery+1","225"
"https://d2n0069hmnqmmx.cloudfront.net/epgdata/1.0/newchanlogos/80/35/skychb3024.png","5STAR+1","228"
"https://d2n0069hmnqmmx.cloudfront.net/epgdata/1.0/newchanlogos/80/35/skychb1822.png","Nat Geo+1","229"
"https://d2n0069hmnqmmx.cloudfront.net/epgdata/1.0/newchanlogos/80/35/skychb2616.png","W+1","232"
"https://d2n0069hmnqmmx.cloudfront.net/epgdata/1.0/newchanlogos/80/35/skychb5451.png","TLC+1","233"
"https://d2n0069hmnqmmx.cloudfront.net/epgdata/1.0/newchanlogos/80/35/skychb3300.png","E4+1","235"
"https://d2n0069hmnqmmx.cloudfront.net/epgdata/1.0/newchanlogos/80/35/skychb3310.png","More4+1","236"
"https://d2n0069hmnqmmx.cloudfront.net/epgdata/1.0/newchanlogos/80/35/skychb3592.png","Food Netwrk+1","240"
"https://d2n0069hmnqmmx.cloudfront.net/epgdata/1.0/newchanlogos/80/35/skychb3027.png","5USA+1","241"
"https://d2n0069hmnqmmx.cloudfront.net/epgdata/1.0/newchanlogos/80/35/skychb1081.png","Drama+1","243"
"https://d2n0069hmnqmmx.cloudfront.net/epgdata/1.0/newchanlogos/80/35/skychb3621.png","QUEST+1","244"
"https://d2n0069hmnqmmx.cloudfront.net/epgdata/1.0/newchanlogos/80/35/skychb3602.png","CBS Reality+1","246"
"https://d2n0069hmnqmmx.cloudfront.net/epgdata/1.0/newchanlogos/80/35/skychb4547.png","Quest Red+1","249"
"https://d2n0069hmnqmmx.cloudfront.net/epgdata/1.0/newchanlogos/80/35/skychb5452.png","ID+1","254"
"https://d2n0069hmnqmmx.cloudfront.net/epgdata/1.0/newchanlogos/80/35/skychb2615.png","YESTERDAY+1","255"
"https://d2n0069hmnqmmx.cloudfront.net/epgdata/1.0/newchanlogos/80/35/skychb3620.png","Crime+Inv+1","256"
"https://d2n0069hmnqmmx.cloudfront.net/epgdata/1.0/newchanlogos/80/35/skychb5338.png","GREAT! tv+1","257"
"https://d2n0069hmnqmmx.cloudfront.net/epgdata/1.0/newchanlogos/80/35/skychb2309.png","HGTV+1","258"
"https://d2n0069hmnqmmx.cloudfront.net/epgdata/1.0/newchanlogos/80/35/skychb5245.png","Disc.Turbo+1","261"
"https://d2n0069hmnqmmx.cloudfront.net/epgdata/1.0/newchanlogos/80/35/skychb1352.png","Animal Plnt+1","262"
"https://d2n0069hmnqmmx.cloudfront.net/epgdata/1.0/newchanlogos/80/35/skychb2307.png","Eden+1","266"
"https://d2n0069hmnqmmx.cloudfront.net/epgdata/1.0/newchanlogos/80/35/skychb1351.png","Disc.Sci+1","267"
"https://d2n0069hmnqmmx.cloudfront.net/epgdata/1.0/newchanlogos/80/35/skychb1865.png","DMAX+1","272"
"https://d2n0069hmnqmmx.cloudfront.net/epgdata/1.0/newchanlogos/80/35/skychb3760.png","Disc.History+1","277"
"https://d2n0069hmnqmmx.cloudfront.net/epgdata/1.0/newchanlogos/80/35/skychb1409.png","Sky Premiere","301"
"https://d2n0069hmnqmmx.cloudfront.net/epgdata/1.0/newchanlogos/80/35/skychb4020.png","Best of 90s HD","302"
"https://d2n0069hmnqmmx.cloudfront.net/epgdata/1.0/newchanlogos/80/35/skychb4033.png","Sky Hits HD","303"
"https://d2n0069hmnqmmx.cloudfront.net/epgdata/1.0/newchanlogos/80/35/skychb1815.png","Sky Greats","304"
"https://d2n0069hmnqmmx.cloudfront.net/epgdata/1.0/newchanlogos/80/35/skychb1199.png","SkyAnimationHD","305"
"https://d2n0069hmnqmmx.cloudfront.net/epgdata/1.0/newchanlogos/80/35/skychb1808.png","Sky Family","306"
"https://d2n0069hmnqmmx.cloudfront.net/epgdata/1.0/newchanlogos/80/35/skychb1001.png","Sky Action","307"
"https://d2n0069hmnqmmx.cloudfront.net/epgdata/1.0/newchanlogos/80/35/skychb4019.png","Sky Comedy HD","308"
"https://d2n0069hmnqmmx.cloudfront.net/epgdata/1.0/newchanlogos/80/35/skychb4062.png","Sky Thriller HD","309"
"https://d2n0069hmnqmmx.cloudfront.net/epgdata/1.0/newchanlogos/80/35/skychb4016.png","Sky Drama HD","310"
"https://d2n0069hmnqmmx.cloudfront.net/epgdata/1.0/newchanlogos/80/35/skychb4017.png","Sky ScFi/HorHD","311"
"https://d2n0069hmnqmmx.cloudfront.net/epgdata/1.0/newchanlogos/80/35/skychb1823.png","SkyPremiere+1","312"
"https://d2n0069hmnqmmx.cloudfront.net/epgdata/1.0/newchanlogos/80/35/skychb4044.png","Film4 HD","313"
"https://d2n0069hmnqmmx.cloudfront.net/epgdata/1.0/newchanlogos/80/35/skychb1629.png","Film4+1","314"
"https://d2n0069hmnqmmx.cloudfront.net/epgdata/1.0/newchanlogos/80/35/skychb5605.png","TCM Movies","315"
"https://d2n0069hmnqmmx.cloudfront.net/epgdata/1.0/newchanlogos/80/35/skychb5275.png","TCM Movies+1","316"
"https://d2n0069hmnqmmx.cloudfront.net/epgdata/1.0/newchanlogos/80/35/skychb3605.png","HorrorXtra","317"
"https://d2n0069hmnqmmx.cloudfront.net/epgdata/1.0/newchanlogos/80/35/skychb4502.png","HorrorXtra+1","318"
"https://d2n0069hmnqmmx.cloudfront.net/epgdata/1.0/newchanlogos/80/35/skychb3643.png","GREAT! romance","319"
"https://d2n0069hmnqmmx.cloudfront.net/epgdata/1.0/newchanlogos/80/35/skychb3751.png","G! romance+1","320"
"https://d2n0069hmnqmmx.cloudfront.net/epgdata/1.0/newchanlogos/80/35/skychb3709.png","GREAT! movies","321"
"https://d2n0069hmnqmmx.cloudfront.net/epgdata/1.0/newchanlogos/80/35/skychb3771.png","GREAT! movies+1","322"
"https://d2n0069hmnqmmx.cloudfront.net/epgdata/1.0/newchanlogos/80/35/skychb3708.png","GREAT! action","323"
"https://d2n0069hmnqmmx.cloudfront.net/epgdata/1.0/newchanlogos/80/35/skychb3721.png","GREAT!action+1","324"
"https://d2n0069hmnqmmx.cloudfront.net/epgdata/1.0/newchanlogos/80/35/skychb4420.png","Movies24","325"
"https://d2n0069hmnqmmx.cloudfront.net/epgdata/1.0/newchanlogos/80/35/skychb4421.png","Movies24+","326"
"https://d2n0069hmnqmmx.cloudfront.net/epgdata/1.0/newchanlogos/80/35/skychb5252.png","TalkingPictures","328"
"https://d2n0069hmnqmmx.cloudfront.net/epgdata/1.0/newchanlogos/80/35/skychb3542.png","ROK","329"
"https://d2n0069hmnqmmx.cloudfront.net/epgdata/1.0/newchanlogos/80/35/skychb2512.png","MTV MUSIC","350"
"https://d2n0069hmnqmmx.cloudfront.net/epgdata/1.0/newchanlogos/80/35/skychb2506.png","MTV HITS","351"
"https://d2n0069hmnqmmx.cloudfront.net/epgdata/1.0/newchanlogos/80/35/skychb2508.png","MTV 90s","352"
"https://d2n0069hmnqmmx.cloudfront.net/epgdata/1.0/newchanlogos/80/35/skychb2509.png","MTV 80s","353"
"https://d2n0069hmnqmmx.cloudfront.net/epgdata/1.0/newchanlogos/80/35/skychb1350.png","4Music","354"
"https://d2n0069hmnqmmx.cloudfront.net/epgdata/1.0/newchanlogos/80/35/skychb1802.png","The Box","355"
"https://d2n0069hmnqmmx.cloudfront.net/epgdata/1.0/newchanlogos/80/35/skychb1858.png","KISS","356"
"https://d2n0069hmnqmmx.cloudfront.net/epgdata/1.0/newchanlogos/80/35/skychb1877.png","Magic","357"
"https://d2n0069hmnqmmx.cloudfront.net/epgdata/1.0/newchanlogos/80/35/skychb1853.png","Kerrang!","358"
"https://d2n0069hmnqmmx.cloudfront.net/epgdata/1.0/newchanlogos/80/35/skychb3505.png","Trace Hits","359"
"https://d2n0069hmnqmmx.cloudfront.net/epgdata/1.0/newchanlogos/80/35/skychb3935.png","Trace Vault","360"
"https://d2n0069hmnqmmx.cloudfront.net/epgdata/1.0/newchanlogos/80/35/skychb3403.png","NOW 70s","361"
"https://d2n0069hmnqmmx.cloudfront.net/epgdata/1.0/newchanlogos/80/35/skychb4541.png","NOW 80s","362"
"https://d2n0069hmnqmmx.cloudfront.net/epgdata/1.0/newchanlogos/80/35/skychb3682.png","NOW ROCK","363"
"https://d2n0069hmnqmmx.cloudfront.net/epgdata/1.0/newchanlogos/80/35/skychb4505.png","Clubland TV","364"
"https://d2n0069hmnqmmx.cloudfront.net/epgdata/1.0/newchanlogos/80/35/skychb1134.png","That's 60s","365"
"https://d2n0069hmnqmmx.cloudfront.net/epgdata/1.0/newchanlogos/80/35/skychb1301.png","SkySpMainEv","401"
"https://d2n0069hmnqmmx.cloudfront.net/epgdata/1.0/newchanlogos/80/35/skychb1303.png","SkySp PL","402"
"https://d2n0069hmnqmmx.cloudfront.net/epgdata/1.0/newchanlogos/80/35/skychb3838.png","SkySp F'ball","403"
"https://d2n0069hmnqmmx.cloudfront.net/epgdata/1.0/newchanlogos/80/35/skychb1302.png","SkySp Cricket","404"
"https://d2n0069hmnqmmx.cloudfront.net/epgdata/1.0/newchanlogos/80/35/skychb1322.png","SkySp Golf","405"
"https://d2n0069hmnqmmx.cloudfront.net/epgdata/1.0/newchanlogos/80/35/skychb1306.png","SkySp F1","406"
"https://d2n0069hmnqmmx.cloudfront.net/epgdata/1.0/newchanlogos/80/35/skychb1333.png","SkySp Action","407"
"https://d2n0069hmnqmmx.cloudfront.net/epgdata/1.0/newchanlogos/80/35/skychb3839.png","SkySp Arena","408"
"https://d2n0069hmnqmmx.cloudfront.net/epgdata/1.0/newchanlogos/80/35/skychb4049.png","SkySp News HD","409"
"https://d2n0069hmnqmmx.cloudfront.net/epgdata/1.0/newchanlogos/80/35/skychb4004.png","Eurosport 1 HD","410"
"https://d2n0069hmnqmmx.cloudfront.net/epgdata/1.0/newchanlogos/80/35/skychb4009.png","Eurosport 2 HD","411"
"https://d2n0069hmnqmmx.cloudfront.net/epgdata/1.0/newchanlogos/80/35/skychb1289.png","Viaplay 1 HD","412"
"https://d2n0069hmnqmmx.cloudfront.net/epgdata/1.0/newchanlogos/80/35/skychb3661.png","BT Sport 1","413"
"https://d2n0069hmnqmmx.cloudfront.net/epgdata/1.0/newchanlogos/80/35/skychb3663.png","BT Sport 2","414"
"https://d2n0069hmnqmmx.cloudfront.net/epgdata/1.0/newchanlogos/80/35/skychb1354.png","SkySp Racing","415"
"https://d2n0069hmnqmmx.cloudfront.net/epgdata/1.0/newchanlogos/80/35/skychb4090.png","SkySp Mix HD","416"
"https://d2n0069hmnqmmx.cloudfront.net/epgdata/1.0/newchanlogos/80/35/skychb5032.png","BT Sport 3","417"
"https://d2n0069hmnqmmx.cloudfront.net/epgdata/1.0/newchanlogos/80/35/skychb1003.png","MUTV HD","418"
"https://d2n0069hmnqmmx.cloudfront.net/epgdata/1.0/newchanlogos/80/35/skychb1290.png","Viaplay 2 HD","421"
"https://d2n0069hmnqmmx.cloudfront.net/epgdata/1.0/newchanlogos/80/35/skychb1150.png","ViaplayXtraHD","422"
"https://d2n0069hmnqmmx.cloudfront.net/epgdata/1.0/newchanlogos/80/35/skychb3141.png","BT Sport 4","423"
"https://d2n0069hmnqmmx.cloudfront.net/epgdata/1.0/newchanlogos/80/35/skychb3845.png","LFCTV HD","425"
"https://d2n0069hmnqmmx.cloudfront.net/epgdata/1.0/newchanlogos/80/35/skychb3636.png","Racing TV","426"
"https://d2n0069hmnqmmx.cloudfront.net/epgdata/1.0/newchanlogos/80/35/skychb1830.png","GINXeSportsTV","433"
"https://d2n0069hmnqmmx.cloudfront.net/epgdata/1.0/newchanlogos/80/35/skychb1223.png","SportyStuff HD","437"
"https://d2n0069hmnqmmx.cloudfront.net/epgdata/1.0/newchanlogos/80/35/skychb1210.png","BTSptBoxOffHD","490"
"https://d2n0069hmnqmmx.cloudfront.net/epgdata/1.0/newchanlogos/80/35/skychb1034.png","SkySpBoxOff","491"
"https://d2n0069hmnqmmx.cloudfront.net/epgdata/1.0/newchanlogos/80/35/skychb1218.png","BTSBoxOff2HD","494"
"https://d2n0069hmnqmmx.cloudfront.net/epgdata/1.0/newchanlogos/80/35/skychb4050.png","Sky News HD","501"
"https://d2n0069hmnqmmx.cloudfront.net/epgdata/1.0/newchanlogos/80/35/skychb1074.png","Bloomberg HD","502"
"https://d2n0069hmnqmmx.cloudfront.net/epgdata/1.0/newchanlogos/80/35/skychb2011.png","BBC NEWS","503"
"https://d2n0069hmnqmmx.cloudfront.net/epgdata/1.0/newchanlogos/80/35/skychb2072.png","BBC Parliament","504"
"https://d2n0069hmnqmmx.cloudfront.net/epgdata/1.0/newchanlogos/80/35/skychb3611.png","CNBC","505"
"https://d2n0069hmnqmmx.cloudfront.net/epgdata/1.0/newchanlogos/80/35/skychb5602.png","CNN","506"
"https://d2n0069hmnqmmx.cloudfront.net/epgdata/1.0/newchanlogos/80/35/skychb3147.png","NHK World HD","507"
"https://d2n0069hmnqmmx.cloudfront.net/epgdata/1.0/newchanlogos/80/35/skychb4604.png","Euronews","508"
"https://d2n0069hmnqmmx.cloudfront.net/epgdata/1.0/newchanlogos/80/35/skychb1821.png","NDTV 24x7","509"
"https://d2n0069hmnqmmx.cloudfront.net/epgdata/1.0/newchanlogos/80/35/skychb1121.png","FRANCE 24 HD","510"
"https://d2n0069hmnqmmx.cloudfront.net/epgdata/1.0/newchanlogos/80/35/skychb1023.png","Al Jazeera HD","511"
"https://d2n0069hmnqmmx.cloudfront.net/epgdata/1.0/newchanlogos/80/35/skychb1196.png","GB News HD","512"
"https://d2n0069hmnqmmx.cloudfront.net/epgdata/1.0/newchanlogos/80/35/skychb5071.png","TRT World","513"
"https://d2n0069hmnqmmx.cloudfront.net/epgdata/1.0/newchanlogos/80/35/skychb5520.png","Channels 24","515"
"https://d2n0069hmnqmmx.cloudfront.net/epgdata/1.0/newchanlogos/80/35/skychb1066.png","Arirang TV HD","518"
"https://d2n0069hmnqmmx.cloudfront.net/epgdata/1.0/newchanlogos/80/35/skychb1084.png","WION HD","519"
"https://d2n0069hmnqmmx.cloudfront.net/epgdata/1.0/newchanlogos/80/35/skychb5882.png","TVC News","520"
"https://d2n0069hmnqmmx.cloudfront.net/epgdata/1.0/newchanlogos/80/35/skychb1039.png","NBCNewsNowHD","521"
"https://d2n0069hmnqmmx.cloudfront.net/epgdata/1.0/newchanlogos/80/35/skychb1078.png","TalkTV HD","522"
"https://d2n0069hmnqmmx.cloudfront.net/epgdata/1.0/newchanlogos/80/35/skychb3105.png","GOD Channel","580"
"https://d2n0069hmnqmmx.cloudfront.net/epgdata/1.0/newchanlogos/80/35/skychb3116.png","revelation","581"
"https://d2n0069hmnqmmx.cloudfront.net/epgdata/1.0/newchanlogos/80/35/skychb3109.png","TBN UK","582"
"https://d2n0069hmnqmmx.cloudfront.net/epgdata/1.0/newchanlogos/80/35/skychb5541.png","DAYSTAR HD","583"
"https://d2n0069hmnqmmx.cloudfront.net/epgdata/1.0/newchanlogos/80/35/skychb3219.png","Inspiration TV","584"
"https://d2n0069hmnqmmx.cloudfront.net/epgdata/1.0/newchanlogos/80/35/skychb1228.png","LoveWorld HD","585"
"https://d2n0069hmnqmmx.cloudfront.net/epgdata/1.0/newchanlogos/80/35/skychb3117.png","EWTN Catholic","586"
"https://d2n0069hmnqmmx.cloudfront.net/epgdata/1.0/newchanlogos/80/35/skychb3205.png","Word Network","587"
"https://d2n0069hmnqmmx.cloudfront.net/epgdata/1.0/newchanlogos/80/35/skychb4404.png","Faith World TV","588"
"https://d2n0069hmnqmmx.cloudfront.net/epgdata/1.0/newchanlogos/80/35/skychb3776.png","KICC TV","589"
"https://d2n0069hmnqmmx.cloudfront.net/epgdata/1.0/newchanlogos/80/35/skychb5354.png","Faith UK","590"
"https://d2n0069hmnqmmx.cloudfront.net/epgdata/1.0/newchanlogos/80/35/skychb3392.png","SonLife","593"
"https://d2n0069hmnqmmx.cloudfront.net/epgdata/1.0/newchanlogos/80/35/skychb1131.png","New Media HD","594"
"https://d2n0069hmnqmmx.cloudfront.net/epgdata/1.0/newchanlogos/80/35/skychb4077.png","Cartoon Net HD","601"
"https://d2n0069hmnqmmx.cloudfront.net/epgdata/1.0/newchanlogos/80/35/skychb5610.png","CN+1","602"
"https://d2n0069hmnqmmx.cloudfront.net/epgdata/1.0/newchanlogos/80/35/skychb4030.png","Boomerang HD","603"
"https://d2n0069hmnqmmx.cloudfront.net/epgdata/1.0/newchanlogos/80/35/skychb4069.png","NickelodeonHD","604"
"https://d2n0069hmnqmmx.cloudfront.net/epgdata/1.0/newchanlogos/80/35/skychb1849.png","NickSpongeBob","605"
"https://d2n0069hmnqmmx.cloudfront.net/epgdata/1.0/newchanlogos/80/35/skychb4039.png","Nick Jr. HD","606"
"https://d2n0069hmnqmmx.cloudfront.net/epgdata/1.0/newchanlogos/80/35/skychb2020.png","CBBC","607"
"https://d2n0069hmnqmmx.cloudfront.net/epgdata/1.0/newchanlogos/80/35/skychb2019.png","CBeebies","608"
"https://d2n0069hmnqmmx.cloudfront.net/epgdata/1.0/newchanlogos/80/35/skychb1147.png","Sky Kids HD","609"
"https://d2n0069hmnqmmx.cloudfront.net/epgdata/1.0/newchanlogos/80/35/skychb1371.png","Cartoonito","610"
"https://d2n0069hmnqmmx.cloudfront.net/epgdata/1.0/newchanlogos/80/35/skychb5603.png","Boomerang+1","611"
"https://d2n0069hmnqmmx.cloudfront.net/epgdata/1.0/newchanlogos/80/35/skychb6273.png","CITV","612"
"https://d2n0069hmnqmmx.cloudfront.net/epgdata/1.0/newchanlogos/80/35/skychb4340.png","Nick Jr. Too","613"
"https://d2n0069hmnqmmx.cloudfront.net/epgdata/1.0/newchanlogos/80/35/skychb3750.png","POP","614"
"https://d2n0069hmnqmmx.cloudfront.net/epgdata/1.0/newchanlogos/80/35/skychb3780.png","Tiny Pop","615"
"https://d2n0069hmnqmmx.cloudfront.net/epgdata/1.0/newchanlogos/80/35/skychb1845.png","Nickelodeon+1","616"
"https://d2n0069hmnqmmx.cloudfront.net/epgdata/1.0/newchanlogos/80/35/skychb4261.png","Tiny Pop+1","618"
"https://d2n0069hmnqmmx.cloudfront.net/epgdata/1.0/newchanlogos/80/35/skychb4216.png","POP+1","619"
"https://d2n0069hmnqmmx.cloudfront.net/epgdata/1.0/newchanlogos/80/35/skychb4262.png","POP Max","620"
"https://d2n0069hmnqmmx.cloudfront.net/epgdata/1.0/newchanlogos/80/35/skychb4263.png","POP Max+1","621"
"https://d2n0069hmnqmmx.cloudfront.net/epgdata/1.0/newchanlogos/80/35/skychb5089.png","Nick Jr+1","622"
"https://d2n0069hmnqmmx.cloudfront.net/epgdata/1.0/newchanlogos/80/35/skychb3645.png","BabyTV","626"
"https://d2n0069hmnqmmx.cloudfront.net/epgdata/1.0/newchanlogos/80/35/skychb5601.png","Cartoon Netwrk","640"
"https://d2n0069hmnqmmx.cloudfront.net/epgdata/1.0/newchanlogos/80/35/skychb5609.png","Boomerang","641"
"https://d2n0069hmnqmmx.cloudfront.net/epgdata/1.0/newchanlogos/80/35/skychb1846.png","Nickelodeon","642"
"https://d2n0069hmnqmmx.cloudfront.net/epgdata/1.0/newchanlogos/80/35/skychb2078.png","CBBC HD","643"
"https://d2n0069hmnqmmx.cloudfront.net/epgdata/1.0/newchanlogos/80/35/skychb2088.png","CBeebies HD","644"
"https://d2n0069hmnqmmx.cloudfront.net/epgdata/1.0/newchanlogos/80/35/skychb1857.png","Nick Jr.","645"
"https://d2n0069hmnqmmx.cloudfront.net/epgdata/1.0/newchanlogos/80/35/skychb1076.png","QVC HD","660"
"https://d2n0069hmnqmmx.cloudfront.net/epgdata/1.0/newchanlogos/80/35/skychb5761.png","JML Direct","661"
"https://d2n0069hmnqmmx.cloudfront.net/epgdata/1.0/newchanlogos/80/35/skychb1033.png","TJC","662"
"https://d2n0069hmnqmmx.cloudfront.net/epgdata/1.0/newchanlogos/80/35/skychb4105.png","QVC Beauty","663"
"https://d2n0069hmnqmmx.cloudfront.net/epgdata/1.0/newchanlogos/80/35/skychb1244.png","Ideal World HD","664"
"https://d2n0069hmnqmmx.cloudfront.net/epgdata/1.0/newchanlogos/80/35/skychb3010.png","Gems TV","665"
"https://d2n0069hmnqmmx.cloudfront.net/epgdata/1.0/newchanlogos/80/35/skychb3580.png","High Street TV 1","666"
"https://d2n0069hmnqmmx.cloudfront.net/epgdata/1.0/newchanlogos/80/35/skychb5706.png","High Street TV 2","667"
"https://d2n0069hmnqmmx.cloudfront.net/epgdata/1.0/newchanlogos/80/35/skychb5212.png","TJC Beauty","668"
"https://d2n0069hmnqmmx.cloudfront.net/epgdata/1.0/newchanlogos/80/35/skychb4100.png","Best Direct","669"
"https://d2n0069hmnqmmx.cloudfront.net/epgdata/1.0/newchanlogos/80/35/skychb1129.png","HobbyMaker","670"
"https://d2n0069hmnqmmx.cloudfront.net/epgdata/1.0/newchanlogos/80/35/skychb5740.png","Ideal Extra","671"
"https://d2n0069hmnqmmx.cloudfront.net/epgdata/1.0/newchanlogos/80/35/skychb3404.png","High Street TV 3","672"
"https://d2n0069hmnqmmx.cloudfront.net/epgdata/1.0/newchanlogos/80/35/skychb3357.png","Craft Extra","673"
"https://d2n0069hmnqmmx.cloudfront.net/epgdata/1.0/newchanlogos/80/35/skychb3354.png","JewelleryMaker","674"
"https://d2n0069hmnqmmx.cloudfront.net/epgdata/1.0/newchanlogos/80/35/skychb1130.png","High Street TV 4","675"
"https://d2n0069hmnqmmx.cloudfront.net/epgdata/1.0/newchanlogos/80/35/skychb3632.png","TV Warehouse","676"
"https://d2n0069hmnqmmx.cloudfront.net/epgdata/1.0/newchanlogos/80/35/skychb1118.png","QVC Style HD","677"
"https://d2n0069hmnqmmx.cloudfront.net/epgdata/1.0/newchanlogos/80/35/skychb3415.png","Direct Store TV","680"
"https://d2n0069hmnqmmx.cloudfront.net/epgdata/1.0/newchanlogos/80/35/skychb3359.png","QVC Extra","682"
"https://d2n0069hmnqmmx.cloudfront.net/epgdata/1.0/newchanlogos/80/35/skychb1245.png","Create&CraftHD","683"
"https://d2n0069hmnqmmx.cloudfront.net/epgdata/1.0/newchanlogos/80/35/skychb1018.png","Cruise1st.tv","688"
"https://d2n0069hmnqmmx.cloudfront.net/epgdata/1.0/newchanlogos/80/35/skychb5703.png","B4U Movies","701"
"https://d2n0069hmnqmmx.cloudfront.net/epgdata/1.0/newchanlogos/80/35/skychb5708.png","B4U Music","702"
"https://d2n0069hmnqmmx.cloudfront.net/epgdata/1.0/newchanlogos/80/35/skychb4045.png","SONY TV HD","703"
"https://d2n0069hmnqmmx.cloudfront.net/epgdata/1.0/newchanlogos/80/35/skychb3608.png","Utsav Bharat","704"
"https://d2n0069hmnqmmx.cloudfront.net/epgdata/1.0/newchanlogos/80/35/skychb5300.png","Utsav Plus HD","705"
"https://d2n0069hmnqmmx.cloudfront.net/epgdata/1.0/newchanlogos/80/35/skychb1372.png","COLORS HD","706"
"https://d2n0069hmnqmmx.cloudfront.net/epgdata/1.0/newchanlogos/80/35/skychb2608.png","Zee Cinema","707"
"https://d2n0069hmnqmmx.cloudfront.net/epgdata/1.0/newchanlogos/80/35/skychb1016.png","Zee TV HD","709"
"https://d2n0069hmnqmmx.cloudfront.net/epgdata/1.0/newchanlogos/80/35/skychb3255.png","AAJ TAK","710"
"https://d2n0069hmnqmmx.cloudfront.net/epgdata/1.0/newchanlogos/80/35/skychb3401.png","MATV National","711"
"https://d2n0069hmnqmmx.cloudfront.net/epgdata/1.0/newchanlogos/80/35/skychb1227.png","Foodxp","712"
"https://d2n0069hmnqmmx.cloudfront.net/epgdata/1.0/newchanlogos/80/35/skychb3916.png","ColorsRishtey","713"
"https://d2n0069hmnqmmx.cloudfront.net/epgdata/1.0/newchanlogos/80/35/skychb1105.png","ColorsCineplex","714"
"https://d2n0069hmnqmmx.cloudfront.net/epgdata/1.0/newchanlogos/80/35/skychb4046.png","SONY MAX HD","715"
"https://d2n0069hmnqmmx.cloudfront.net/epgdata/1.0/newchanlogos/80/35/skychb4047.png","Utsav Gold HD","717"
"https://d2n0069hmnqmmx.cloudfront.net/epgdata/1.0/newchanlogos/80/35/skychb3631.png","SONY SAB","718"
"https://d2n0069hmnqmmx.cloudfront.net/epgdata/1.0/newchanlogos/80/35/skychb5431.png","SONY MAX 2","720"
"https://d2n0069hmnqmmx.cloudfront.net/epgdata/1.0/newchanlogos/80/35/skychb3594.png","Aastha","724"
"https://d2n0069hmnqmmx.cloudfront.net/epgdata/1.0/newchanlogos/80/35/skychb1100.png","Sanskar","725"
"https://d2n0069hmnqmmx.cloudfront.net/epgdata/1.0/newchanlogos/80/35/skychb3202.png","MTA1 World HD","731"
"https://d2n0069hmnqmmx.cloudfront.net/epgdata/1.0/newchanlogos/80/35/skychb1069.png","HUM Masala","732"
"https://d2n0069hmnqmmx.cloudfront.net/epgdata/1.0/newchanlogos/80/35/skychb4549.png","Hidayat TV","733"
"https://d2n0069hmnqmmx.cloudfront.net/epgdata/1.0/newchanlogos/80/35/skychb4407.png","GEO News","734"
"https://d2n0069hmnqmmx.cloudfront.net/epgdata/1.0/newchanlogos/80/35/skychb3646.png","PTV Global","735"
"https://d2n0069hmnqmmx.cloudfront.net/epgdata/1.0/newchanlogos/80/35/skychb1026.png","New Vision TV","736"
"https://d2n0069hmnqmmx.cloudfront.net/epgdata/1.0/newchanlogos/80/35/skychb3214.png","Islam Channel","737"
"https://d2n0069hmnqmmx.cloudfront.net/epgdata/1.0/newchanlogos/80/35/skychb4110.png","GEO TV","738"
"https://d2n0069hmnqmmx.cloudfront.net/epgdata/1.0/newchanlogos/80/35/skychb3715.png","Noor TV","739"
"https://d2n0069hmnqmmx.cloudfront.net/epgdata/1.0/newchanlogos/80/35/skychb6754.png","IQRA TV","742"
"https://d2n0069hmnqmmx.cloudfront.net/epgdata/1.0/newchanlogos/80/35/skychb3822.png","92 News","743"
"https://d2n0069hmnqmmx.cloudfront.net/epgdata/1.0/newchanlogos/80/35/skychb4403.png","Islam TV","744"
"https://d2n0069hmnqmmx.cloudfront.net/epgdata/1.0/newchanlogos/80/35/skychb6765.png","Ahlebait TV","745"
"https://d2n0069hmnqmmx.cloudfront.net/epgdata/1.0/newchanlogos/80/35/skychb4460.png","Madani Chnl","746"
"https://d2n0069hmnqmmx.cloudfront.net/epgdata/1.0/newchanlogos/80/35/skychb4408.png","Takbeer TV","749"
"https://d2n0069hmnqmmx.cloudfront.net/epgdata/1.0/newchanlogos/80/35/skychb5205.png","HUM EUROPE","751"
"https://d2n0069hmnqmmx.cloudfront.net/epgdata/1.0/newchanlogos/80/35/skychb5417.png","British Muslim","752"
"https://d2n0069hmnqmmx.cloudfront.net/epgdata/1.0/newchanlogos/80/35/skychb1038.png","Dunya News","754"
"https://d2n0069hmnqmmx.cloudfront.net/epgdata/1.0/newchanlogos/80/35/skychb5211.png","Islam Ch Urdu","755"
"https://d2n0069hmnqmmx.cloudfront.net/epgdata/1.0/newchanlogos/80/35/skychb5359.png","Channel 44","756"
"https://d2n0069hmnqmmx.cloudfront.net/epgdata/1.0/newchanlogos/80/35/skychb3111.png","Eman Channel","757"
"https://d2n0069hmnqmmx.cloudfront.net/epgdata/1.0/newchanlogos/80/35/skychb4265.png","ARY Digital","758"
"https://d2n0069hmnqmmx.cloudfront.net/epgdata/1.0/newchanlogos/80/35/skychb1145.png","54227","759"
"https://d2n0069hmnqmmx.cloudfront.net/epgdata/1.0/newchanlogos/80/35/skychb3720.png","Siraj TV","760"
"https://d2n0069hmnqmmx.cloudfront.net/epgdata/1.0/newchanlogos/80/35/skychb1009.png","QTV Religious","761"
"https://d2n0069hmnqmmx.cloudfront.net/epgdata/1.0/newchanlogos/80/35/skychb5715.png","PTC PUNJABI","766"
"https://d2n0069hmnqmmx.cloudfront.net/epgdata/1.0/newchanlogos/80/35/skychb3653.png","Brit Asia TV","767"
"https://d2n0069hmnqmmx.cloudfront.net/epgdata/1.0/newchanlogos/80/35/skychb3650.png","Sikh Channel","768"
"https://d2n0069hmnqmmx.cloudfront.net/epgdata/1.0/newchanlogos/80/35/skychb3355.png","Sangat","769"
"https://d2n0069hmnqmmx.cloudfront.net/epgdata/1.0/newchanlogos/80/35/skychb5087.png","Akaal Channel","770"
"https://d2n0069hmnqmmx.cloudfront.net/epgdata/1.0/newchanlogos/80/35/skychb3753.png","Kanshi TV","772"
"https://d2n0069hmnqmmx.cloudfront.net/epgdata/1.0/newchanlogos/80/35/skychb1260.png","Pitaara","773"
"https://d2n0069hmnqmmx.cloudfront.net/epgdata/1.0/newchanlogos/80/35/skychb3421.png","PoliticsPunjab","774"
"https://d2n0069hmnqmmx.cloudfront.net/epgdata/1.0/newchanlogos/80/35/skychb1011.png","PBC","775"
"https://d2n0069hmnqmmx.cloudfront.net/epgdata/1.0/newchanlogos/80/35/skychb3815.png","CHSTV","777"
"https://d2n0069hmnqmmx.cloudfront.net/epgdata/1.0/newchanlogos/80/35/skychb3914.png","IQRA Bangla","778"
"https://d2n0069hmnqmmx.cloudfront.net/epgdata/1.0/newchanlogos/80/35/skychb6753.png","ATN","779"
"https://d2n0069hmnqmmx.cloudfront.net/epgdata/1.0/newchanlogos/80/35/skychb4540.png","NTV","780"
"https://d2n0069hmnqmmx.cloudfront.net/epgdata/1.0/newchanlogos/80/35/skychb5426.png","TV One","781"
"https://d2n0069hmnqmmx.cloudfront.net/epgdata/1.0/newchanlogos/80/35/skychb1235.png","Deen TV","783"
"https://d2n0069hmnqmmx.cloudfront.net/epgdata/1.0/newchanlogos/80/35/skychb1104.png","Islam Bangla","784"
"https://d2n0069hmnqmmx.cloudfront.net/epgdata/1.0/newchanlogos/80/35/skychb3701.png","Ahlulbayt TV","787"
"https://d2n0069hmnqmmx.cloudfront.net/epgdata/1.0/newchanlogos/80/35/skychb4645.png","SkyNewsArabia","788"
"https://d2n0069hmnqmmx.cloudfront.net/epgdata/1.0/newchanlogos/80/35/skychb1102.png","ImamHussein3","789"
"https://d2n0069hmnqmmx.cloudfront.net/epgdata/1.0/newchanlogos/80/35/skychb1140.png","PCNE Chinese HD","791"
"https://d2n0069hmnqmmx.cloudfront.net/epgdata/1.0/newchanlogos/80/35/skychb1090.png","ColorsGujarati","794"
"https://d2n0069hmnqmmx.cloudfront.net/epgdata/1.0/newchanlogos/80/35/skychb3000.png","BBC One Lon HD","801"
"https://d2n0069hmnqmmx.cloudfront.net/epgdata/1.0/newchanlogos/80/35/skychb2075.png","BBC Two HD","802"
"https://d2n0069hmnqmmx.cloudfront.net/epgdata/1.0/newchanlogos/80/35/skychb6504.png","ITV1 HD","803"
"https://d2n0069hmnqmmx.cloudfront.net/epgdata/1.0/newchanlogos/80/35/skychb4075.png","Channel 4 HD","804"
"https://d2n0069hmnqmmx.cloudfront.net/epgdata/1.0/newchanlogos/80/35/skychb4058.png","Channel 5 HD","805"
"https://d2n0069hmnqmmx.cloudfront.net/epgdata/1.0/newchanlogos/80/35/skychb1276.png","Sky Showcase","806"
"https://d2n0069hmnqmmx.cloudfront.net/epgdata/1.0/newchanlogos/80/35/skychb2201.png","Sky Witness","807"
"https://d2n0069hmnqmmx.cloudfront.net/epgdata/1.0/newchanlogos/80/35/skychb1412.png","Sky Atlantic","808"
"https://d2n0069hmnqmmx.cloudfront.net/epgdata/1.0/newchanlogos/80/35/skychb2303.png","alibi","809"
"https://d2n0069hmnqmmx.cloudfront.net/epgdata/1.0/newchanlogos/80/35/skychb2304.png","GOLD","810"
"https://d2n0069hmnqmmx.cloudfront.net/epgdata/1.0/newchanlogos/80/35/skychb2306.png","Dave","811"
"https://d2n0069hmnqmmx.cloudfront.net/epgdata/1.0/newchanlogos/80/35/skychb2510.png","ComedyCentral","812"
"https://d2n0069hmnqmmx.cloudfront.net/epgdata/1.0/newchanlogos/80/35/skychb1402.png","Sky Max","813"
"https://d2n0069hmnqmmx.cloudfront.net/epgdata/1.0/newchanlogos/80/35/skychb1177.png","Sky Comedy","814"
"https://d2n0069hmnqmmx.cloudfront.net/epgdata/1.0/newchanlogos/80/35/skychb2086.png","BBC Four HD","815"
"https://d2n0069hmnqmmx.cloudfront.net/epgdata/1.0/newchanlogos/80/35/skychb6532.png","ITV2 HD","816"
"https://d2n0069hmnqmmx.cloudfront.net/epgdata/1.0/newchanlogos/80/35/skychb6533.png","ITV3 HD","817"
"https://d2n0069hmnqmmx.cloudfront.net/epgdata/1.0/newchanlogos/80/35/skychb6534.png","ITV4 HD","818"
"https://d2n0069hmnqmmx.cloudfront.net/epgdata/1.0/newchanlogos/80/35/skychb1127.png","SkyDocumntrs","819"
"https://d2n0069hmnqmmx.cloudfront.net/epgdata/1.0/newchanlogos/80/35/skychb2207.png","Sky Crime","820"
"https://d2n0069hmnqmmx.cloudfront.net/epgdata/1.0/newchanlogos/80/35/skychb1875.png","Sky History","821"
"https://d2n0069hmnqmmx.cloudfront.net/epgdata/1.0/newchanlogos/80/35/skychb1194.png","Sky Nature","822"
"https://d2n0069hmnqmmx.cloudfront.net/epgdata/1.0/newchanlogos/80/35/skychb2401.png","Discovery","823"
"https://d2n0069hmnqmmx.cloudfront.net/epgdata/1.0/newchanlogos/80/35/skychb2501.png","MTV","824"
"https://d2n0069hmnqmmx.cloudfront.net/epgdata/1.0/newchanlogos/80/35/skychb1806.png","Nat Geo","825"
"https://d2n0069hmnqmmx.cloudfront.net/epgdata/1.0/newchanlogos/80/35/skychb1752.png","Sky Arts","826"
"https://d2n0069hmnqmmx.cloudfront.net/epgdata/1.0/newchanlogos/80/35/skychb2617.png","W","827"
"https://d2n0069hmnqmmx.cloudfront.net/epgdata/1.0/newchanlogos/80/35/skychb5450.png","TLC","828"
"https://d2n0069hmnqmmx.cloudfront.net/epgdata/1.0/newchanlogos/80/35/skychb2296.png","S4C HD","829"
"https://d2n0069hmnqmmx.cloudfront.net/epgdata/1.0/newchanlogos/80/35/skychb1628.png","E4","830"
"https://d2n0069hmnqmmx.cloudfront.net/epgdata/1.0/newchanlogos/80/35/skychb3340.png","More4","831"
"https://d2n0069hmnqmmx.cloudfront.net/epgdata/1.0/newchanlogos/80/35/skychb1128.png","QUEST HD","834"
"https://d2n0069hmnqmmx.cloudfront.net/epgdata/1.0/newchanlogos/80/35/skychb1360.png","E!","835"
"https://d2n0069hmnqmmx.cloudfront.net/epgdata/1.0/newchanlogos/80/35/skychb2505.png","Sky Sci-Fi","836"
"https://d2n0069hmnqmmx.cloudfront.net/epgdata/1.0/newchanlogos/80/35/skychb1448.png","Crime+Inv","837"
"https://d2n0069hmnqmmx.cloudfront.net/epgdata/1.0/newchanlogos/80/35/skychb1879.png","Sky History2","840"
"https://d2n0069hmnqmmx.cloudfront.net/epgdata/1.0/newchanlogos/80/35/skychb1847.png","Nat Geo Wild","841"
"https://d2n0069hmnqmmx.cloudfront.net/epgdata/1.0/newchanlogos/80/35/skychb1138.png","BBCScotlandHD","844"
"https://d2n0069hmnqmmx.cloudfront.net/epgdata/1.0/newchanlogos/80/35/skychb2080.png","BBC Three HD","845"
"https://d2n0069hmnqmmx.cloudfront.net/epgdata/1.0/newchanlogos/80/35/skychb2305.png","YESTERDAY","846"
"https://d2n0069hmnqmmx.cloudfront.net/epgdata/1.0/newchanlogos/80/35/skychb3021.png","BBC ALBA HD","847"
"https://d2n0069hmnqmmx.cloudfront.net/epgdata/1.0/newchanlogos/80/35/skychb4021.png","SkyPremiereHD","848"
"https://d2n0069hmnqmmx.cloudfront.net/epgdata/1.0/newchanlogos/80/35/skychb4015.png","Sky Greats HD","849"
"https://d2n0069hmnqmmx.cloudfront.net/epgdata/1.0/newchanlogos/80/35/skychb4018.png","Sky Family HD","850"
"https://d2n0069hmnqmmx.cloudfront.net/epgdata/1.0/newchanlogos/80/35/skychb4014.png","Sky Action HD","851"
"https://d2n0069hmnqmmx.cloudfront.net/epgdata/1.0/newchanlogos/80/35/skychb1627.png","Film4","855"
"https://d2n0069hmnqmmx.cloudfront.net/epgdata/1.0/newchanlogos/80/35/skychb4002.png","SkySpMainEvHD","859"
"https://d2n0069hmnqmmx.cloudfront.net/epgdata/1.0/newchanlogos/80/35/skychb4010.png","SkySp PL HD","860"
"https://d2n0069hmnqmmx.cloudfront.net/epgdata/1.0/newchanlogos/80/35/skychb3939.png","SkySp F'ball HD","861"
"https://d2n0069hmnqmmx.cloudfront.net/epgdata/1.0/newchanlogos/80/35/skychb4081.png","SkySpCricket HD","862"
"https://d2n0069hmnqmmx.cloudfront.net/epgdata/1.0/newchanlogos/80/35/skychb4026.png","SkySp Golf HD","863"
"https://d2n0069hmnqmmx.cloudfront.net/epgdata/1.0/newchanlogos/80/35/skychb3835.png","SkySp F1 HD","864"
"https://d2n0069hmnqmmx.cloudfront.net/epgdata/1.0/newchanlogos/80/35/skychb4022.png","SkySp ActionHD","865"
"https://d2n0069hmnqmmx.cloudfront.net/epgdata/1.0/newchanlogos/80/35/skychb3940.png","SkySp ArenaHD","866"
"https://d2n0069hmnqmmx.cloudfront.net/epgdata/1.0/newchanlogos/80/35/skychb1314.png","SkySp News","867"
"https://d2n0069hmnqmmx.cloudfront.net/epgdata/1.0/newchanlogos/80/35/skychb1726.png","Eurosport 1","868"
"https://d2n0069hmnqmmx.cloudfront.net/epgdata/1.0/newchanlogos/80/35/skychb1841.png","Eurosport 2","869"
"https://d2n0069hmnqmmx.cloudfront.net/epgdata/1.0/newchanlogos/80/35/skychb3625.png","BT Sport 1 HD","870"
"https://d2n0069hmnqmmx.cloudfront.net/epgdata/1.0/newchanlogos/80/35/skychb3627.png","BT Sport 2 HD","871"
"https://d2n0069hmnqmmx.cloudfront.net/epgdata/1.0/newchanlogos/80/35/skychb4032.png","SkySp Racing HD","872"
"https://d2n0069hmnqmmx.cloudfront.net/epgdata/1.0/newchanlogos/80/35/skychb4091.png","SkySp Mix","873"
"https://d2n0069hmnqmmx.cloudfront.net/epgdata/1.0/newchanlogos/80/35/skychb3629.png","BT Sport 3 HD","874"
"https://d2n0069hmnqmmx.cloudfront.net/epgdata/1.0/newchanlogos/80/35/skychb1834.png","MUTV","875"
"https://d2n0069hmnqmmx.cloudfront.net/epgdata/1.0/newchanlogos/80/35/skychb4040.png","BT Sport 4 HD","876"
"https://d2n0069hmnqmmx.cloudfront.net/epgdata/1.0/newchanlogos/80/35/skychb5272.png","Racing TV HD","877"
"https://d2n0069hmnqmmx.cloudfront.net/epgdata/1.0/newchanlogos/80/35/skychb1404.png","Sky News","881"
"https://d2n0069hmnqmmx.cloudfront.net/epgdata/1.0/newchanlogos/80/35/skychb2085.png","BBC NEWS HD","882"
"https://d2n0069hmnqmmx.cloudfront.net/epgdata/1.0/newchanlogos/80/35/skychb1088.png","CNBC HD","883"
"https://d2n0069hmnqmmx.cloudfront.net/epgdata/1.0/newchanlogos/80/35/skychb1019.png","CNN HD","884"
"https://d2n0069hmnqmmx.cloudfront.net/epgdata/1.0/newchanlogos/80/35/skychb5237.png","TRT World HD","886"
"https://d2n0069hmnqmmx.cloudfront.net/epgdata/1.0/newchanlogos/80/35/skychb3020.png","BBC Parliament HD","887"
"https://d2n0069hmnqmmx.cloudfront.net/epgdata/1.0/newchanlogos/80/35/skychb1113.png","TJC HD","890"
"https://d2n0069hmnqmmx.cloudfront.net/epgdata/1.0/newchanlogos/80/35/skychb2601.png","SONY TV","892"
"https://d2n0069hmnqmmx.cloudfront.net/epgdata/1.0/newchanlogos/80/35/skychb1771.png","Utsav Plus","893"
"https://d2n0069hmnqmmx.cloudfront.net/epgdata/1.0/newchanlogos/80/35/skychb3714.png","COLORS","894"
"https://d2n0069hmnqmmx.cloudfront.net/epgdata/1.0/newchanlogos/80/35/skychb2603.png","SONY MAX","895"
"https://d2n0069hmnqmmx.cloudfront.net/epgdata/1.0/newchanlogos/80/35/skychb3613.png","Utsav Gold","896"
"https://d2n0069hmnqmmx.cloudfront.net/epgdata/1.0/newchanlogos/80/35/skychb2607.png","Zee TV","898"
"https://d2n0069hmnqmmx.cloudfront.net/epgdata/1.0/newchanlogos/80/35/skychb1819.png","Sky Intro","899"
"https://d2n0069hmnqmmx.cloudfront.net/epgdata/1.0/newchanlogos/80/35/skychb1852.png","Sky Intro","950"
"https://d2n0069hmnqmmx.cloudfront.net/epgdata/1.0/newchanlogos/80/35/skychb3009.png","BBC One NE&C HD","955"
"https://d2n0069hmnqmmx.cloudfront.net/epgdata/1.0/newchanlogos/80/35/skychb3017.png","BBC One Yorks HD","956"
"https://d2n0069hmnqmmx.cloudfront.net/epgdata/1.0/newchanlogos/80/35/skychb3004.png","BBC One Y&L HD","957"
"https://d2n0069hmnqmmx.cloudfront.net/epgdata/1.0/newchanlogos/80/35/skychb3007.png","BBC One N West HD","958"
"https://d2n0069hmnqmmx.cloudfront.net/epgdata/1.0/newchanlogos/80/35/skychb3003.png","BBC One WM HD","959"
"https://d2n0069hmnqmmx.cloudfront.net/epgdata/1.0/newchanlogos/80/35/skychb3005.png","BBC One E Mid HD","960"
"https://d2n0069hmnqmmx.cloudfront.net/epgdata/1.0/newchanlogos/80/35/skychb3006.png","BBC One EastHD","961"
"https://d2n0069hmnqmmx.cloudfront.net/epgdata/1.0/newchanlogos/80/35/skychb3008.png","BBC One S East HD","963"
"https://d2n0069hmnqmmx.cloudfront.net/epgdata/1.0/newchanlogos/80/35/skychb3011.png","BBC One Sth HD","964"
"https://d2n0069hmnqmmx.cloudfront.net/epgdata/1.0/newchanlogos/80/35/skychb3001.png","BBC One West HD","966"
"https://d2n0069hmnqmmx.cloudfront.net/epgdata/1.0/newchanlogos/80/35/skychb3014.png","BBC One S West HD","967"
"https://d2n0069hmnqmmx.cloudfront.net/epgdata/1.0/newchanlogos/80/35/skychb3018.png","BBC One CI HD","968"
"https://d2n0069hmnqmmx.cloudfront.net/epgdata/1.0/newchanlogos/80/35/skychb3019.png","BBC Two NI HD","970"
"https://d2n0069hmnqmmx.cloudfront.net/epgdata/1.0/newchanlogos/80/35/skychb2082.png","BBC One ScotHD","977"
"https://d2n0069hmnqmmx.cloudfront.net/epgdata/1.0/newchanlogos/80/35/skychb2083.png","BBC One Wal HD","978"
"https://d2n0069hmnqmmx.cloudfront.net/epgdata/1.0/newchanlogos/80/35/skychb2081.png","BBC One NI HD","979"
"https://d2n0069hmnqmmx.cloudfront.net/epgdata/1.0/newchanlogos/80/35/skychb3015.png","BBC Two Wal HD","980"
"https://d2n0069hmnqmmx.cloudfront.net/epgdata/1.0/newchanlogos/80/35/skychb2051.png","BBC RB 1","981"
"https://d2n0069hmnqmmx.cloudfront.net/epgdata/1.0/newchanlogos/80/35/skychb2053.png","BBC RB 1 HD","982"